uid,name,age,description
1,Nigel Dickens,36,Soy jefe de una instalacion en el puerto Caleta Coloso
2,Xavier Stuart,42,Soy jefe de una instalacion en el puerto Punta Patache
3,Thierry Shaw,21,Soy jefe de una instalacion en el puerto La Serena
4,Bronwyn Orozco,43,Soy jefe de una instalacion en el puerto Quintero
5,Tatiana Williams,49,Soy jefe de una instalacion en el puerto Caleta Patillos
6,Frederic Brooks,44,Soy jefe de una instalacion en el puerto Puerto Montt
7,Jasper Harvey,54,Soy jefe de una instalacion en el puerto Chacabuco
8,Charlie Rahman,53,Soy jefe de una instalacion en el puerto Isla de Pascua
9,Milena Bright,37,Soy jefe de una instalacion en el puerto Penco
10,John-James Burton,46,Soy jefe de una instalacion en el puerto Huasco
11,Abubakar Bowler,25,Soy jefe de una instalacion en el puerto Quintero
12,Christie Zavala,55,Soy jefe de una instalacion en el puerto Puerto Angamos
13,Naima Perez,40,Soy jefe de una instalacion en el puerto Cabo Negro
14,Dante Nava,44,Soy jefe de una instalacion en el puerto Arica
15,Kajal Short,27,Soy jefe de una instalacion en el puerto San Vicente
16,Humairaa Knights,19,Soy jefe de una instalacion en el puerto Ancud
17,Ranveer Cope,23,Soy jefe de una instalacion en el puerto San Antonio
18,Gregg Douglas,55,Soy jefe de una instalacion en el puerto Penco
19,Ava Gilbert,21,Soy jefe de una instalacion en el puerto Guayacan
20,Gerrard Ho,47,Soy jefe de una instalacion en el puerto Coronel
21,Jardel Keith,58,Soy jefe de una instalacion en el puerto Mejillones
22,Reiss Lutz,29,Soy jefe de una instalacion en el puerto Caleta Coloso
23,Rhydian Keeling,22,Soy jefe de una instalacion en el puerto Puerto Montt
24,Aisling Chaney,51,Soy jefe de una instalacion en el puerto Tocopilla
25,Mahnoor Legge,24,Soy jefe de una instalacion en el puerto Chacabuco
26,Lily-Rose Wharton,49,Soy jefe de una instalacion en el puerto Calderilla
27,Jacques Carter,41,Soy jefe de una instalacion en el puerto Barquito
28,Samad Neville,32,Soy jefe de una instalacion en el puerto Calderilla
29,Clarke Mcloughlin,28,Soy jefe de una instalacion en el puerto Quellon
30,Maiya Villa,48,Soy jefe de una instalacion en el puerto Caleta Patillos
31,Arianna Vazquez,57,Soy jefe de una instalacion en el puerto Caldera
32,Reya Bruce,52,Soy jefe de una instalacion en el puerto San Antonio
33,Karter Swan,43,Soy jefe de una instalacion en el puerto Caleta Coloso
34,Allison Costa,38,Soy jefe de una instalacion en el puerto Isla de Pascua
35,Anis Cohen,32,Soy jefe de una instalacion en el puerto Valparaiso
36,Jake Hatfield,19,Soy jefe de una instalacion en el puerto Barquito
37,Nathaniel Mcgill,54,Soy jefe de una instalacion en el puerto Cruz Grande
38,Marnie Macfarlane,27,Soy jefe de una instalacion en el puerto Mejillones
39,Luther Simon,21,Soy jefe de una instalacion en el puerto Taltal
40,Taiba Richmond,55,Soy jefe de una instalacion en el puerto Mejillones
41,Olivia-Mae Hicks,32,Soy jefe de una instalacion en el puerto Ancud
42,Haleemah Baxter,23,Soy jefe de una instalacion en el puerto Lota
43,Lance Weber,20,Soy jefe de una instalacion en el puerto Lota
44,Cai Mcneil,39,Soy jefe de una instalacion en el puerto Taltal
45,Cally Hopper,34,Soy jefe de una instalacion en el puerto Mejillones
46,Shane Kelly,43,Soy jefe de una instalacion en el puerto Quintero
47,Liyah Cooper,22,Soy jefe de una instalacion en el puerto Balmaceda
48,Shahzaib Espinoza,50,Soy jefe de una instalacion en el puerto Taltal
49,Suzanna Romero,49,Soy jefe de una instalacion en el puerto Lota
50,Matias Strickland,52,Soy jefe de una instalacion en el puerto Puerto Montt
51,Ahsan Flynn,46,Soy jefe de una instalacion en el puerto Cabo Negro
52,Denise Daniel,40,Soy jefe de una instalacion en el puerto Puerto Angamos
53,Isabell Hogan,26,Soy jefe de una instalacion en el puerto Barquito
54,Imran Senior,40,Soy jefe de una instalacion en el puerto Calderilla
55,Jose Farrell,39,Soy jefe de una instalacion en el puerto Isla Guarello
56,Montgomery Cornish,19,Soy jefe de una instalacion en el puerto Antofagasta
57,Rodney Woodcock,31,Soy jefe de una instalacion en el puerto La Serena
58,Derrick Fritz,52,Soy jefe de una instalacion en el puerto Talcahuano
59,Ralphy Phan,28,Soy jefe de una instalacion en el puerto Quintero
60,Camron Chaney,50,Soy jefe de una instalacion en el puerto Lota
61,Suranne Byrd,46,Soy jefe de una instalacion en el puerto Calderilla
62,Ziva Langley,47,Soy jefe de una instalacion en el puerto Barquito
63,Ayaan Bass,45,Soy jefe de una instalacion en el puerto Cruz Grande
64,Patryk Enriquez,46,Soy jefe de una instalacion en el puerto Quintero
65,Asma Brook,32,Soy jefe de una instalacion en el puerto Barquito
66,Junayd Andersen,43,Soy jefe de una instalacion en el puerto Caldera
67,Kaiya Huerta,45,Soy jefe de una instalacion en el puerto Isla Guarello
68,Linzi Wong,46,Soy jefe de una instalacion en el puerto Ancud
69,Trey Saunders,57,Soy jefe de una instalacion en el puerto Caleta Patillos
70,Roseanne Nguyen,50,Soy jefe de una instalacion en el puerto Lirquen
71,Fahad Diaz,34,Soy jefe de una instalacion en el puerto Castro
72,Ivy-Rose Mcclure,54,Soy jefe de una instalacion en el puerto Punta Patache
73,Margaux Cleveland,56,Soy jefe de una instalacion en el puerto La Serena
74,Toby Petty,31,Soy jefe de una instalacion en el puerto Calderilla
75,Mariah Wyatt,27,Soy jefe de una instalacion en el puerto Port Williams
76,Lily-Mae O'Quinn,58,Soy jefe de una instalacion en el puerto Valparaiso
77,Arissa Webb,49,Soy jefe de una instalacion en el puerto Chacabuco
78,Leanne Weeks,30,Soy jefe de una instalacion en el puerto Guayacan
79,Olivia-Rose Fuentes,48,Soy jefe de una instalacion en el puerto Caleta Coloso
80,Priya Oneil,39,Soy jefe de una instalacion en el puerto Taltal
81,Keaton Mccall,50,Soy jefe de una instalacion en el puerto Castro
82,Esme-Rose Wicks,29,Soy jefe de una instalacion en el puerto Valparaiso
83,Clayton Mckenna,37,Soy jefe de una instalacion en el puerto Quintero
84,Aimie Sears,27,Soy jefe de una instalacion en el puerto Guayacan
85,Claudia Avery,20,Soy jefe de una instalacion en el puerto Barquito
86,Alicja Magana,28,Soy jefe de una instalacion en el puerto Puerto Natales
87,Thierry Hurley,41,Soy jefe de una instalacion en el puerto Calderilla
88,Deanne Villarreal,38,Soy jefe de una instalacion en el puerto Calderilla
89,Karina Morgan,49,Soy jefe de una instalacion en el puerto Quintero
90,Darryl Carlson,57,Soy jefe de una instalacion en el puerto Huasco
91,Jaiden Sampson,18,Soy jefe de una instalacion en el puerto Penco
92,Janine Keller,38,Soy jefe de una instalacion en el puerto Corral
93,Cora Camacho,38,Soy jefe de una instalacion en el puerto Arica
94,Denis Mann,43,Soy jefe de una instalacion en el puerto Lirquen
95,Caitlan Whitehouse,30,Soy jefe de una instalacion en el puerto Mejillones
96,Emillie Frye,34,Soy jefe de una instalacion en el puerto Punta Arenas
97,Kaleem Hill,36,Soy jefe de una instalacion en el puerto Huasco
98,Manisha Stephens,56,Soy jefe de una instalacion en el puerto Penco
99,Maude Arnold,42,Soy jefe de una instalacion en el puerto Barquito
100,Lori Forrest,30,Soy jefe de una instalacion en el puerto Puerto Montt
101,Zunairah Mcgee,45,Soy jefe de una instalacion en el puerto Chacabuco
102,Xander Simmonds,23,Soy jefe de una instalacion en el puerto Arica
103,Calista Cummings,53,Soy jefe de una instalacion en el puerto Chacabuco
104,Ayomide Mosley,29,Soy jefe de una instalacion en el puerto Lota
105,Becky Strickland,29,Soy jefe de una instalacion en el puerto Quemchi
106,Leigha Chavez,36,Soy jefe de una instalacion en el puerto Antofagasta
107,Irfan Britton,25,Soy jefe de una instalacion en el puerto Calderilla
108,Tasmin Crossley,40,Soy jefe de una instalacion en el puerto Guayacan
109,Korban Robbins,60,Soy jefe de una instalacion en el puerto Caldera
110,Homer Jacobson,42,Soy jefe de una instalacion en el puerto Lirquen
111,Freddy Simons,29,Soy jefe de una instalacion en el puerto Guayacan
112,Elissa Schmidt,53,Soy jefe de una instalacion en el puerto Puerto Angamos
113,Rita Kouma,50,Soy jefe de una instalacion en el puerto Coronel
114,Amber-Rose Wardle,48,Soy jefe de una instalacion en el puerto Arica
115,Cheyanne Petersen,37,Soy jefe de una instalacion en el puerto Coronel
116,Carolina Gomez,37,Soy jefe de una instalacion en el puerto La Serena
117,Piotr Glenn,52,Soy jefe de una instalacion en el puerto Port Williams
118,Huw Lewis,29,Soy jefe de una instalacion en el puerto Puerto Montt
119,Keagan Hope,26,Soy jefe de una instalacion en el puerto Mejillones
120,Tudor Proctor,58,Soy jefe de una instalacion en el puerto Puerto Montt
121,Winston Castro,55,Soy jefe de una instalacion en el puerto Corral
122,Frances Hartman,56,Soy jefe de una instalacion en el puerto Chacabuco
123,Chandni Stanton,50,Soy jefe de una instalacion en el puerto Chacabuco
124,Harlan Goodman,43,Soy jefe de una instalacion en el puerto Quemchi
125,Mohamed Mcclain,57,Soy jefe de una instalacion en el puerto La Serena
126,Lennox Mcculloch,53,Soy jefe de una instalacion en el puerto Puerto Angamos
127,Ajwa Daly,60,Soy jefe de una instalacion en el puerto Caldera
128,Ameera Edwards,35,Soy jefe de una instalacion en el puerto Antofagasta
129,Vincenzo Preece,49,Soy jefe de una instalacion en el puerto Calderilla
130,Che Partridge,39,Soy jefe de una instalacion en el puerto Caleta Patillos
131,Maisy Bright,48,Soy jefe de una instalacion en el puerto Talcahuano
132,Vickie Clifford,19,Soy jefe de una instalacion en el puerto Ancud
133,Ricardo Devine,43,Soy jefe de una instalacion en el puerto Guayacan
134,Hadley Acosta,45,Soy jefe de una instalacion en el puerto Huasco
135,Belinda Chamberlain,37,Soy jefe de una instalacion en el puerto Coronel
136,Tayyib Davila,47,Soy jefe de una instalacion en el puerto Mejillones
137,Karol Knights,36,Soy jefe de una instalacion en el puerto Port Williams
138,Layton Hodge,20,Soy jefe de una instalacion en el puerto Quintero
139,Akeem Odonnell,20,Soy jefe de una instalacion en el puerto Cruz Grande
140,Danyal Steele,49,Soy jefe de una instalacion en el puerto Puerto Angamos
141,Cari Welch,54,Soy jefe de una instalacion en el puerto Isla Guarello
142,Roosevelt Charlton,33,Soy jefe de una instalacion en el puerto Lota
143,Pola Finney,25,Soy jefe de una instalacion en el puerto Caldera
144,Annaliese Mckinney,30,Soy jefe de una instalacion en el puerto Castro
145,Princess Guest,56,Soy jefe de una instalacion en el puerto Tocopilla
146,Sonnie Pugh,58,Soy jefe de una instalacion en el puerto Huasco
147,Lola-Mae Whittaker,58,Soy jefe de una instalacion en el puerto Iquique
148,Asmaa Allman,44,Soy jefe de una instalacion en el puerto Quintero
149,Zac Mcgill,40,Soy jefe de una instalacion en el puerto Ancud
150,Harvie Bonilla,35,Soy jefe de una instalacion en el puerto Coronel
151,Asha Guthrie,19,Soy jefe de una instalacion en el puerto Tocopilla
152,Hamaad Barajas,50,Soy jefe de una instalacion en el puerto Punta Patache
153,Harvey-Lee Burch,22,Soy jefe de una instalacion en el puerto Lota
154,Kamran Santos,20,Soy jefe de una instalacion en el puerto Quintero
155,Junior Bryant,24,Soy jefe de una instalacion en el puerto Ancud
156,Stefan Allen,57,Soy jefe de una instalacion en el puerto Arica
157,Haidar Moreno,30,Soy jefe de una instalacion en el puerto Cruz Grande
158,Shayaan Watkins,19,Soy jefe de una instalacion en el puerto Mejillones
159,Khadija Dalby,43,Soy jefe de una instalacion en el puerto Taltal
160,Billie Kaur,38,Soy jefe de una instalacion en el puerto Port Williams
161,Mimi Harris,49,Soy jefe de una instalacion en el puerto Punta Arenas
162,Kierran Stanton,27,Soy jefe de una instalacion en el puerto Cruz Grande
163,Isabell Goodwin,40,Soy jefe de una instalacion en el puerto Mejillones
164,Tiffany Cantu,25,Soy jefe de una instalacion en el puerto Guayacan
165,Skye Gray,49,Soy jefe de una instalacion en el puerto Caleta Coloso
166,Lemar Cullen,28,Soy jefe de una instalacion en el puerto Caleta Coloso
167,Maariya Enriquez,30,Soy jefe de una instalacion en el puerto Quellon
168,Ayana Portillo,23,Soy jefe de una instalacion en el puerto Chacabuco
169,Humayra Palacios,32,Soy jefe de una instalacion en el puerto Quellon
170,Mea Dorsey,37,Soy jefe de una instalacion en el puerto Coquimbo
171,Ammaar Carty,48,Soy jefe de una instalacion en el puerto Caleta Patillos
172,Dainton Pratt,24,Soy jefe de una instalacion en el puerto Antofagasta
173,Waleed Aguirre,53,Soy jefe de una instalacion en el puerto Puerto Angamos
174,Karis Downes,58,Soy jefe de una instalacion en el puerto Balmaceda
175,Annabelle Mullins,35,Soy jefe de una instalacion en el puerto Cabo Negro
176,Kaeden Knapp,53,Soy jefe de una instalacion en el puerto Caldera
177,Jobe Reyes,26,Soy jefe de una instalacion en el puerto Calderilla
178,Ilayda Whitehouse,29,Soy jefe de una instalacion en el puerto Cruz Grande
179,Nasir Jenkins,19,Soy jefe de una instalacion en el puerto Arica
180,Jonny Newton,50,Soy jefe de una instalacion en el puerto Puerto Chacabuco
181,Sabrina Gillespie,47,Soy jefe de una instalacion en el puerto Quintero
182,Frances Corrigan,25,Soy jefe de una instalacion en el puerto Lirquen
183,Yunus Galloway,20,Soy jefe de una instalacion en el puerto Chacabuco
184,Robyn Hyde,55,Soy jefe de una instalacion en el puerto San Vicente
185,Rebecca Sheehan,56,Soy jefe de una instalacion en el puerto Cruz Grande
186,Sakina Stewart,49,Soy jefe de una instalacion en el puerto Isla Guarello
187,India Camacho,22,Soy jefe de una instalacion en el puerto Coronel
188,Ella-Mai Butt,55,Soy jefe de una instalacion en el puerto Arica
189,Maia Glover,22,Soy jefe de una instalacion en el puerto Corral
190,Aryan Hastings,25,Soy jefe de una instalacion en el puerto Puerto Angamos
191,Hashir Hendricks,49,Soy jefe de una instalacion en el puerto Ancud
192,Yash Wallace,19,Soy jefe de una instalacion en el puerto San Vicente
193,Harlow Woods,19,Soy jefe de una instalacion en el puerto Coronel
194,Ariadne Hibbert,40,Soy jefe de una instalacion en el puerto Quellon
195,Miller Fletcher,57,Soy jefe de una instalacion en el puerto La Serena
196,Kymani Rahman,49,Soy jefe de una instalacion en el puerto Port Williams
197,Gaia Pearson,31,Soy jefe de una instalacion en el puerto Arica
198,Asiya Short,49,Soy jefe de una instalacion en el puerto Caleta Coloso
199,Amba Crane,36,Soy jefe de una instalacion en el puerto Quellon
200,Isaac Fleming,20,Soy jefe de una instalacion en el puerto Talcahuano
201,Haider Hines,19,Soy jefe de una instalacion en el puerto La Serena
202,Luca Foley,37,Soy jefe de una instalacion en el puerto Antofagasta
203,Ariyan Patel,32,Soy jefe de una instalacion en el puerto Cabo Negro
204,Luqman Marks,21,Soy jefe de una instalacion en el puerto Puerto Angamos
205,Evan Haas,24,Soy jefe de una instalacion en el puerto Isla Guarello
206,Billy-Joe Ward,22,Soy jefe de una instalacion en el puerto Taltal
207,Nathaniel Rivas,37,Soy jefe de una instalacion en el puerto Puerto Natales
208,Harry Hood,50,Soy jefe de una instalacion en el puerto Quintero
209,Brandy Ponce,41,Soy jefe de una instalacion en el puerto Valdivia
210,Siyana Ballard,23,Soy jefe de una instalacion en el puerto Cabo Negro
211,Musa Myers,27,Soy jefe de una instalacion en el puerto Calderilla
212,Ace Stephenson,57,Soy jefe de una instalacion en el puerto Caleta Patillos
213,Ashlyn Finch,31,Soy jefe de una instalacion en el puerto Punta Arenas
214,Mikayla Hume,30,Soy jefe de una instalacion en el puerto Arica
215,Nevaeh Gill,46,Soy jefe de una instalacion en el puerto Guayacan
216,Rahul Finley,36,Soy jefe de una instalacion en el puerto Arica
217,Cristal Gaona Vazquez,60,Soy capitan del buque Breda
218,Itzel Madrid Tello,89,Soy capitan del buque Sable
219,Eugenio Villanueva,23,Soy capitan del buque Bolton
220,Estela Marroquin Ortiz,98,Soy capitan del buque Bonavoila
221,Juan Carlos Uriel Romero,38,Soy capitan del buque bodenham
222,Ofelia Navarro Davila,68,Soy capitan del buque Aberdeen
223,Lucia Palomo Olivera,35,Soy capitan del buque Castillo bodiam
224,Ana Noelia Barrios,20,Soy capitan del buque Boxer
225,Modesto Lucero Luna,28,Soy capitan del buque drummondville
226,Mateo Claudio Leiva Valle,14,Soy capitan del buque acheron
227,Yolanda Blanco,30,Soy capitan del buque Bravucon
228,Ivonne Montenegro,85,Soy capitan del buque Brixham
229,Laura Ramon,65,Soy capitan del buque drumheller
230,Rosario Gregorio Godoy Jaimes,77,Soy capitan del buque Alaunia II
231,Liliana Quintero,60,Soy capitan del buque Alban
232,Juan Carlos Abigail Anguiano Adame,44,Soy capitan del buque Albanaise
233,Tomas Solis,31,Soy capitan del buque Borraja
234,Rosario Rojas Guardado,79,Soy capitan del buque Brereton
235,Guillermo Figueroa Casanova,98,Soy capitan del buque Eneas
236,Caridad Alejandro Collado Esquivel,10,Soy capitan del buque Bridport
237,Jaime Marisol Madrid,27,Soy capitan del buque Bumerang
238,Sofia Orellana Rosas,70,Soy capitan del buque Brillante
239,Leticia Ureña,70,Soy capitan del buque Bogam
240,Caridad Ceja,12,Soy capitan del buque Espada
241,Sara Villareal,93,Soy capitan del buque Afrikander
242,Bernardo Raul Niño,78,Soy capitan del buque Broadley
243,Minerva Israel Santacruz Sierra,80,Soy capitan del buque abondance
244,Dolores Hector Mata,66,Soy capitan del buque Bellota
245,Graciela Gilberto Tamayo,12,Soy capitan del buque Chaqueta de sport
246,Noelia Trujillo,68,Soy capitan del buque blencathra
247,Reina Adan Baeza Paez,95,Soy capitan del buque Bridgewater
248,Maria Jose Berrios,16,Soy capitan del buque Rompi
249,Cristian Frias,10,Soy capitan del buque Britania
250,Maria Eugenia Arroyo,23,Soy capitan del buque Adversario
251,Rocio Itzel Matias,50,Soy capitan del buque Advantagia
252,Rufino Velasco,37,Soy capitan del buque Acertif
253,Ignacio Muñiz,43,Soy capitan del buque Premio dragon
254,Julia Valdivia Florez,51,Soy capitan del buque Afridi
255,Julio Carrero Esparza,71,Soy capitan del buque Gurkha
256,Angelica Mesa,21,Soy capitan del buque Alcaston
257,Augusto Irene Ceballos,15,Soy capitan del buque Valiente
258,Aida Espinoza,33,Soy capitan del buque bourbonnaise
259,Maximiliano Malave Serrano,41,Soy capitan del buque Esclava
260,Fidel Emiliano Molina,62,Soy capitan del buque abergavenny
261,Leonor Emilio Sosa,59,Soy capitan del buque Brocklesby
262,Eduardo Pulido,28,Soy capitan del buque Abrahan
263,Irma Casillas,73,Soy capitan del buque Terrible
264,Camilo Camilo Bañuelos,17,Soy capitan del buque Castillo bramber
265,Martha Ceja,83,Soy capitan del buque Ventaja
266,Uriel Melgar González,74,Soy capitan del buque Taladrador
267,Nelly Rosa Quintero,64,Soy capitan del buque Adur
268,Mercedes Reyes,94,Soy capitan del buque Habil
269,Raquel Carreon,23,Soy capitan del buque Almirante Farragut
270,Eugenia Esperanza Galarza Mendez,73,Soy capitan del buque Acanto
271,Alejandro Montoya,27,Soy capitan del buque Bronington
272,Lorenzo Camilo Quintanilla,10,Soy capitan del buque Brandon
273,Minerva Raya,67,Soy capitan del buque Affleck
274,Horacio Alfredo Valle,98,Soy capitan del buque bowmanville
275,Karla Nevarez Delgado,91,Soy capitan del buque Pato
276,Daniela Trinidad Alvarez Menchaca,31,Soy capitan del buque Blickling
277,Agustin Patricia Pacheco Treviño,81,Soy capitan del buque Almirante Devries
278,Reina Burgos,93,Soy capitan del buque Bowen
279,Esparta Cornejo,51,Soy capitan del buque Braave
280,Jose Eduardo Toro,19,Soy capitan del buque achates
281,Faris Cole,44,Soy capitan del buque Floracion
282,Leon Benson,57,Soy capitan del buque Brigadier
283,Aqsa Broadhurst,18,Soy capitan del buque Drochterland
284,Prince Knights,50,Soy capitan del buque Acorazado
285,Monty Munoz,44,Soy capitan del buque Aberfoyle
286,Vivaan Small,24,Soy capitan del buque Premio brillante
287,Abid Cash,20,Soy capitan del buque Abisinia
288,Jozef Hicks,23,Soy capitan del buque Aquiles
289,Sanaya Sheppard,28,Soy capitan del buque Agua Negra
290,Kole Sims,29,Soy capitan del buque Agrega un
291,Arman Spooner,49,Soy capitan del buque gympie
292,Konrad Morales,50,Soy capitan del buque Brevdrageren
293,Shani Tang,24,Soy capitan del buque dubbo
294,Eden Bullock,50,Soy capitan del buque Trenza
295,Gideon Odling,54,Soy capitan del buque Boyne
296,Menna Kennedy,29,Soy capitan del buque Bendicion
297,Ffion Foreman,53,Soy capitan del buque Botha
298,Mohamad Frye,23,Soy capitan del buque Alarico
299,Tarik Underwood,34,Soy capitan del buque brearley
300,Vinny Simon,25,Soy capitan del buque Buenaventura
301,Amari Mccarthy,18,Soy capitan del buque brenchley
302,Manon Coffey,42,Soy capitan del buque aventura Galera
303,Brody Derrick,49,Soy capitan del buque Brissenden
304,Willow Mcarthur,38,Soy capitan del buque Refriega
305,Rickie Dowling,35,Soy capitan del buque Dubford
306,Quinn Novak,49,Soy capitan del buque Descarado
307,Katharine Kent,31,Soy capitan del buque Africaine
308,Tate Wilder,39,Soy capitan del buque pechiazul
309,Sid Rayner,55,Soy capitan del buque Broadway
310,Karol Curtis,44,Soy capitan del buque Abundancia
311,Susannah Dominguez,44,Soy capitan del buque Dromedario
312,Pascal Burrows,60,Soy capitan del buque Albrighton
313,Kristin Mayer,41,Soy capitan del buque Brampton
314,Siena Mcbride,58,Soy capitan del buque Bombardear
315,Ernest Reid,26,Soy capitan del buque aboukir
316,Elijah Bloom,18,Soy capitan del buque Penelope
317,Veer Cameron,40,Soy capitan del buque guysborough
318,Finnlay Flower,31,Soy capitan del buque Acacia
319,Micheal Weaver,53,Soy capitan del buque Admirable
320,Jaya Roche,22,Soy capitan del buque inflexible II
321,Fahmida Watts,56,Soy capitan del buque Sabueso
322,Gaia Howard,55,Soy capitan del buque Bridlington
323,Youssef Merrill,41,Soy capitan del buque Blanche
324,Aleisha Duffy,50,Soy capitan del buque britanico
325,Mason Booker,21,Soy capitan del buque magnolia
326,Skye Sherman,44,Soy capitan del buque Dovey
327,Juliette Schroeder,23,Soy capitan del buque Consejo
328,Chantal Gay,55,Soy capitan del buque Blankney
329,Lilly-Ann Donnelly,35,Soy capitan del buque brantford
330,Lyra Jefferson,35,Soy capitan del buque Avanzar
331,Rikki Marsden,28,Soy capitan del buque Albemarle
332,Jay Vance,32,Soy capitan del buque Bonne Ciudadana
333,Reilly Mansell,39,Soy capitan del buque Braithwaite
334,Sonya Schofield,23,Soy capitan del buque Abigail
335,Mica Carney,38,Soy capitan del buque Drury
336,Maxwell Bonner,60,Soy capitan del buque Adelaide
337,Kimora Samuels,59,Soy capitan del buque Drogheda
338,Divine Johns,53,Soy capitan del buque Bergantin
339,Amiee Mccabe,28,Soy capitan del buque Boreham
340,Ellie-Mae Forbes,27,Soy capitan del buque Brema
341,Fatima Santiago,21,Soy capitan del buque albury
342,Arjan Ho,23,Soy capitan del buque Resplandor
343,Donnell Riley,30,Soy capitan del buque Bradford
344,Jonathan Calderon,49,Soy capitan del buque brockville
345,Shamima Farley,36,Soy capitan del buque Bravo
346,Alexandros Burris,23,Soy capitan del buque Aladdin
347,Bryce Chase,44,Soy capitan del buque Bristol
348,Isabella Morley,37,Soy capitan del buque Droxford
349,Simone Short,38,Soy capitan del buque Bourdelais
350,Jamil Buck,27,Soy capitan del buque Albert
351,Justine Dejesus,24,Soy capitan del buque Albian
352,Tamsin Mason,29,Soy capitan del buque Blenheim
353,Esha Stanton,39,Soy capitan del buque Premio consejos
354,Amisha Alexander,19,Soy capitan del buque Bootle
355,Safah Corona,46,Soy capitan del buque Activo
356,Michael Monaghan,19,Soy capitan del buque blackwall
357,Heidi Salgado,31,Soy capitan del buque Boulogne
358,Mina Bowler,30,Soy capitan del buque Agudo
359,Cain Penn,30,Soy capitan del buque Blandford
360,Cooper Potts,19,Soy capitan del buque alberni
361,Norman Byers,22,Soy capitan del buque Rubia
362,Eamon West,50,Soy capitan del buque Bottisham
363,Lily-Anne Glenn,48,Soy capitan del buque Zarza
364,Atif Montoya,20,Soy capitan del buque Continuar
365,Manuel Frazier,23,Soy capitan del buque Castillo de Bowes
366,Dulcie Dougherty,36,Soy capitan del buque Premio aventura
367,Braydon Love,24,Soy capitan del buque Downley
368,Vernon Duarte,22,Soy capitan del buque Bossington
369,Jamaal Brown,28,Soy capitan del buque Alberta
370,Jaydn Martin,37,Soy capitan del buque Abundante
371,Jesse Drake,59,Soy capitan del buque Agamenon
372,Amanda Frame,59,Soy capitan del buque briseis
373,Scott Morales,31,Soy capitan del buque Blake
374,Chance Wynn,37,Soy capitan del buque Abbotsham
375,Gus Hood,44,Soy capitan del buque Bonetta
376,Darcey Sampson,26,Soy capitan del buque Brayford
377,Ishmael Figueroa,43,Soy capitan del buque acteon
378,Velma Douglas,24,Soy capitan del buque Acteon
379,Conah Reeve,24,Soy capitan del buque Libelula
380,Farhaan Zamora,57,Soy capitan del buque Branlebas
381,Miguel Downs,30,Soy capitan del buque Alcantara
382,Yash Arnold,58,Soy capitan del buque Frontera
383,Jacque Gregory,33,Soy capitan del buque Abrams Oferta
384,Albert Andrade,30,Soy capitan del buque Bligh
385,Corben Whitmore,55,Soy capitan del buque Bonita
386,Asia Mclean,59,Soy capitan del buque Abdiel
387,Kameron Parsons,43,Soy capitan del buque Africa
388,Billy Burrows,36,Soy capitan del buque Bramham
389,Shoaib Ford,53,Soy capitan del buque Braak
390,Nancie Chapman,23,Soy capitan del buque Brigham
391,Elleanor Michael,28,Soy capitan del buque Dromio
392,Diane Skinner,56,Soy capitan del buque Abelia
393,Shazia Henry,23,Soy capitan del buque Castillo de Bombay
394,Rudra Blackburn,42,Soy capitan del buque Bolebroke
395,Skyla Ferrell,57,Soy capitan del buque Brezo
396,Eshaan Simon,28,Soy capitan del buque Conductor
397,Ami Estrada,18,Soy capitan del buque Boreas
398,Alisa Potter,22,Soy capitan del buque Generosidad
399,Kennedy Salgado,42,Soy capitan del buque Aventuras
400,Isaac Huber,20,Soy capitan del buque Bombay
401,Issa Rankin,37,Soy capitan del buque Calypso
402,Marc Gilmore,27,Soy capitan del buque Eolo
403,Edward Humphries,45,Soy capitan del buque Albany
404,Cassie Benton,36,Soy capitan del buque Brighton
405,Teri Finch,59,Soy capitan del buque Negrita
406,Sophia Berg,38,Soy capitan del buque Abingdon
407,Kara Vinson,47,Soy capitan del buque Brecon
408,Leen Proctor,59,Soy capitan del buque Brock
409,Rebecca Rice,30,Soy capitan del buque BLAIRMORE
410,Tillie Devine,29,Soy capitan del buque Gulnare
411,Iestyn Henry,18,Soy capitan del buque Premio Dreadnought
412,Romany Finnegan,50,Soy capitan del buque Alamein
413,Anam North,32,Soy capitan del buque Energico
414,Kealan Franco,54,Soy capitan del buque Almirantazgo
415,Ines Swanson,54,Soy capitan del buque druida
416,Zubair Odonnell,47,Soy capitan del buque Boscawen
417,Tamara Meyers,25,Soy capitan del buque Bleasdale
418,Cavan Howells,32,Soy capitan del buque Blaxton
419,Milosz Walton,18,Soy capitan del buque gitano
420,Blanche Irwin,47,Soy capitan del buque Blakeney
421,Ernest Delaney,42,Soy capitan del buque Broaderschap
422,Sherri Holden,52,Soy capitan del buque Madera negra
423,Cheryl Houghton,31,Soy capitan del buque Bonito
424,Connagh Turnbull,32,Soy capitan del buque Brantingham
425,George Costa,42,Soy capitan del buque Premio Dover
426,Marcel Dillon,36,Soy capitan del buque Bolton Castle
427,Eliana O'Quinn,25,Soy capitan del buque Albuera
428,Norma Robin,38,Soy capitan del buque Flor
429,Tyson East,39,Soy capitan del buque Alarma
430,Tonya Wilkins,58,Soy capitan del buque Castillo bridgnorth
431,Nafeesa Boyle,60,Soy capitan del buque Blean
432,Raiden Cairns,28,Soy capitan del buque Abercrombie
433,Tobias Partridge,56,Soy capitan del buque Aetna
434,Lynsey Sears,29,Soy capitan del buque Sumador
435,Shakeel Lam,23,Soy capitan del buque Boadicea
436,Irfan Dickinson,50,Soy capitan del buque Abeille
437,Fenella Wickens,19,Soy capitan del buque acasta
438,Melina Briggs,22,Soy capitan del buque Brinton
439,Frances Young,27,Soy capitan del buque britomart
440,Padraig Humphreys,54,Soy capitan del buque Asesor
441,Shay Baird,26,Soy capitan del buque Adonis
442,Francesco Parrish,39,Soy capitan del buque Driada
443,Alejandro Trujillo,57,Soy capitan del buque brigandine
444,Jett Becker,24,Soy capitan del buque Blyth
445,John-James Hood,23,Soy capitan del buque Achille
446,Kean Nicholls,49,Soy capitan del buque Firme
447,Ayush Moss,22,Soy capitan del buque As
448,Zayd Fellows,47,Soy capitan del buque Campanilla
449,Roxy Mccall,24,Soy capitan del buque Boston
450,Garin Hills,43,Soy capitan del buque Breconshire
451,Eloise Hinton,50,Soy capitan del buque Aberford
452,Zack Tang,34,Soy capitan del buque broadwater
453,Aston Berg,18,Soy capitan del buque Adepto
454,Alexa Henderson,32,Soy capitan del buque Bradfield
455,Adnaan Corona,57,Soy capitan del buque Albatros
456,Vivienne Herrera,40,Soy capitan del buque Boulston
457,Fabio Hooper,36,Soy capitan del buque Brinkley
458,Inigo Haley,26,Soy capitan del buque downham
459,Deborah Dunne,42,Soy capitan del buque Bouclier
460,Emme Fischer,29,Soy capitan del buque Adan y Eva
461,Nuha Davila,24,Soy capitan del buque brolga
462,Maisha Davis,51,Soy capitan del buque Brakel
463,Axl Hahn,43,Soy capitan del buque Aconito
464,Aminah Kennedy,41,Soy capitan del buque Abelardo
465,Dilan Steele,59,Soy capitan del buque albacora
466,Chandler Chandler,56,Soy capitan del buque Actividad
