peid,description
349,se debe cargar petroleo
350,se debe descargar petroleo
351,se debe descargar petroleo
352,se debe descargar petroleo
353,descarga de cointainers
354,descaraga de pescados
355,descarga de cointainers
356,carga de cointainers
357,se debe cargar petroleo
358,carga de cointainers
359,descaraga de pescados
360,descaraga de pescados
361,descarga de cointainers
362,se debe cargar petroleo
363,se debe cargar petroleo
364,descaraga de pescados
365,descarga de cointainers
366,carga de cointainers
367,se debe cargar petroleo
368,se debe descargar petroleo
369,se debe cargar petroleo
370,se debe descargar petroleo
371,se debe cargar petroleo
372,se debe descargar petroleo
373,carga de cointainers
374,carga de cointainers
375,descaraga de pescados
376,descarga de cointainers
377,descarga de cointainers
378,descaraga de pescados
379,descarga de cointainers
380,descaraga de pescados
381,descarga de cointainers
382,descaraga de pescados
383,descaraga de pescados
384,descaraga de pescados
385,descaraga de pescados
386,carga de cointainers
387,se debe cargar petroleo
388,descarga de cointainers
389,se debe descargar petroleo
390,se debe cargar petroleo
391,se debe cargar petroleo
392,se debe cargar petroleo
393,descaraga de pescados
394,descaraga de pescados
395,carga de cointainers
396,se debe descargar petroleo
397,descarga de cointainers
398,carga de cointainers
399,carga de cointainers
400,carga de cointainers
401,descaraga de pescados
402,descarga de cointainers
403,descarga de cointainers
404,se debe descargar petroleo
405,descarga de cointainers
406,descaraga de pescados
407,descaraga de pescados
408,se debe descargar petroleo
409,carga de cointainers
410,descaraga de pescados
411,descaraga de pescados
412,descarga de cointainers
413,se debe cargar petroleo
414,se debe cargar petroleo
415,se debe descargar petroleo
416,descaraga de pescados
417,se debe cargar petroleo
418,descaraga de pescados
419,descaraga de pescados
420,descarga de cointainers
421,se debe descargar petroleo
422,descaraga de pescados
423,se debe cargar petroleo
424,carga de cointainers
425,se debe descargar petroleo
426,descaraga de pescados
427,descaraga de pescados
428,descaraga de pescados
429,carga de cointainers
430,descarga de cointainers
431,descaraga de pescados
432,se debe cargar petroleo
433,descaraga de pescados
434,se debe descargar petroleo
435,descarga de cointainers
436,descarga de cointainers
437,descaraga de pescados
438,se debe cargar petroleo
439,descarga de cointainers
440,descarga de cointainers
441,se debe descargar petroleo
442,descaraga de pescados
443,descaraga de pescados
444,descaraga de pescados
445,descaraga de pescados
446,se debe cargar petroleo
447,se debe descargar petroleo
448,descaraga de pescados
449,se debe descargar petroleo
450,descaraga de pescados
451,descaraga de pescados
452,se debe cargar petroleo
453,se debe descargar petroleo
454,se debe descargar petroleo
455,descaraga de pescados
456,descaraga de pescados
457,descaraga de pescados
458,se debe descargar petroleo
459,carga de cointainers
460,se debe cargar petroleo
461,se debe cargar petroleo
462,se debe descargar petroleo
463,carga de cointainers
464,se debe descargar petroleo
465,se debe descargar petroleo
466,se debe descargar petroleo
467,carga de cointainers
468,descaraga de pescados
469,descaraga de pescados
470,descarga de cointainers
471,descaraga de pescados
472,descaraga de pescados
473,carga de cointainers
474,se debe descargar petroleo
475,carga de cointainers
476,se debe cargar petroleo
477,se debe cargar petroleo
478,se debe cargar petroleo
479,descaraga de pescados
480,se debe cargar petroleo
481,se debe descargar petroleo
482,carga de cointainers
483,descaraga de pescados
484,se debe cargar petroleo
485,se debe descargar petroleo
486,se debe cargar petroleo
487,se debe cargar petroleo
488,descaraga de pescados
489,descaraga de pescados
490,descarga de cointainers
491,descaraga de pescados
492,se debe cargar petroleo
493,carga de cointainers
494,descarga de cointainers
495,carga de cointainers
496,se debe cargar petroleo
497,carga de cointainers
498,carga de cointainers
499,descaraga de pescados
500,carga de cointainers
501,descarga de cointainers
502,se debe cargar petroleo
503,carga de cointainers
504,descaraga de pescados
505,descaraga de pescados
506,se debe descargar petroleo
507,se debe cargar petroleo
508,se debe cargar petroleo
509,descarga de cointainers
510,descaraga de pescados
511,se debe cargar petroleo
512,carga de cointainers
513,descaraga de pescados
514,se debe descargar petroleo
515,carga de cointainers
516,descaraga de pescados
517,descaraga de pescados
518,se debe cargar petroleo
519,descaraga de pescados
520,carga de cointainers
521,descaraga de pescados
522,descaraga de pescados
523,se debe descargar petroleo
524,se debe descargar petroleo
525,se debe descargar petroleo
526,se debe descargar petroleo
527,descarga de cointainers
528,se debe cargar petroleo
529,se debe descargar petroleo
530,se debe cargar petroleo
531,se debe cargar petroleo
532,descarga de cointainers
533,descaraga de pescados
534,carga de cointainers
535,descaraga de pescados
536,descarga de cointainers
537,carga de cointainers
538,descarga de cointainers
539,descaraga de pescados
540,descaraga de pescados
541,se debe descargar petroleo
542,descaraga de pescados
543,descarga de cointainers
544,se debe cargar petroleo
545,descaraga de pescados
546,se debe descargar petroleo
547,carga de cointainers
548,se debe descargar petroleo
549,descarga de cointainers
550,descaraga de pescados
551,descaraga de pescados
552,se debe cargar petroleo
553,descaraga de pescados
554,descaraga de pescados
555,descarga de cointainers
556,se debe descargar petroleo
557,descaraga de pescados
558,se debe cargar petroleo
559,descarga de cointainers
560,carga de cointainers
561,se debe cargar petroleo
562,se debe descargar petroleo
563,se debe descargar petroleo
564,descaraga de pescados
565,descaraga de pescados
566,descaraga de pescados
567,descarga de cointainers
568,descaraga de pescados
569,descaraga de pescados
570,carga de cointainers
571,carga de cointainers
572,descaraga de pescados
573,descaraga de pescados
574,se debe descargar petroleo
575,se debe cargar petroleo
576,se debe descargar petroleo
577,descarga de cointainers
578,carga de cointainers
579,descaraga de pescados
580,descarga de cointainers
581,se debe descargar petroleo
582,se debe descargar petroleo
583,descaraga de pescados
584,descaraga de pescados
585,se debe cargar petroleo
586,descaraga de pescados
587,se debe cargar petroleo
588,descaraga de pescados
589,descarga de cointainers
590,descaraga de pescados
591,descarga de cointainers
592,descaraga de pescados
593,descaraga de pescados
594,se debe cargar petroleo
595,se debe cargar petroleo
596,descaraga de pescados
597,se debe descargar petroleo
598,se debe descargar petroleo
599,descarga de cointainers
600,descaraga de pescados
601,carga de cointainers
602,se debe descargar petroleo
603,se debe descargar petroleo
604,descaraga de pescados
605,se debe descargar petroleo
606,descaraga de pescados
607,se debe descargar petroleo
608,se debe cargar petroleo
609,descarga de cointainers
610,carga de cointainers
611,descaraga de pescados
612,carga de cointainers
613,se debe descargar petroleo
614,se debe cargar petroleo
615,descaraga de pescados
616,se debe cargar petroleo
617,descaraga de pescados
618,descaraga de pescados
619,descaraga de pescados
620,descaraga de pescados
621,se debe descargar petroleo
622,se debe descargar petroleo
623,se debe cargar petroleo
624,descaraga de pescados
625,descaraga de pescados
626,descaraga de pescados
627,se debe cargar petroleo
628,descaraga de pescados
629,se debe descargar petroleo
630,descaraga de pescados
631,se debe descargar petroleo
632,descaraga de pescados
633,descarga de cointainers
634,carga de cointainers
635,se debe descargar petroleo
636,se debe descargar petroleo
637,descaraga de pescados
638,descaraga de pescados
639,descarga de cointainers
640,descaraga de pescados
641,descaraga de pescados
642,descaraga de pescados
643,descaraga de pescados
644,carga de cointainers
645,carga de cointainers
646,descaraga de pescados
647,descarga de cointainers
648,descaraga de pescados
649,descaraga de pescados
650,se debe descargar petroleo
651,se debe descargar petroleo
652,descaraga de pescados
653,descaraga de pescados
654,carga de cointainers
655,descaraga de pescados
656,carga de cointainers
657,se debe cargar petroleo
658,se debe cargar petroleo
659,descarga de cointainers
660,descarga de cointainers
661,descarga de cointainers
662,carga de cointainers
663,se debe descargar petroleo
664,se debe cargar petroleo
665,descaraga de pescados
666,descaraga de pescados
667,se debe descargar petroleo
668,descarga de cointainers
669,descaraga de pescados
670,descarga de cointainers
671,descaraga de pescados
672,descaraga de pescados
673,descaraga de pescados
674,descarga de cointainers
675,se debe descargar petroleo
676,se debe descargar petroleo
677,carga de cointainers
678,carga de cointainers
679,se debe descargar petroleo
680,carga de cointainers
681,descarga de cointainers
682,se debe descargar petroleo
683,descarga de cointainers
684,carga de cointainers
685,descaraga de pescados
686,descarga de cointainers
687,carga de cointainers
688,descarga de cointainers
689,se debe cargar petroleo
690,descarga de cointainers
691,descarga de cointainers
692,descaraga de pescados
693,descarga de cointainers
694,descarga de cointainers
695,se debe descargar petroleo
696,se debe descargar petroleo
697,se debe cargar petroleo
698,descaraga de pescados
699,descarga de cointainers
700,descarga de cointainers
701,se debe cargar petroleo
702,se debe cargar petroleo
703,descaraga de pescados
704,descaraga de pescados
705,descaraga de pescados
706,descarga de cointainers
707,descarga de cointainers
708,descaraga de pescados
709,carga de cointainers
710,descaraga de pescados
711,descaraga de pescados
712,descarga de cointainers
713,carga de cointainers
714,descaraga de pescados
715,se debe descargar petroleo
716,carga de cointainers
717,carga de cointainers
718,carga de cointainers
719,se debe descargar petroleo
720,descaraga de pescados
721,descaraga de pescados
722,se debe descargar petroleo
723,descaraga de pescados
724,se debe cargar petroleo
725,se debe descargar petroleo
726,se debe cargar petroleo
727,descaraga de pescados
728,descarga de cointainers
729,descaraga de pescados
730,se debe descargar petroleo
731,descaraga de pescados
732,descarga de cointainers
733,descarga de cointainers
734,descaraga de pescados
735,descaraga de pescados
736,se debe cargar petroleo
737,descarga de cointainers
738,se debe descargar petroleo
739,descaraga de pescados
740,descaraga de pescados
741,carga de cointainers
742,descaraga de pescados
743,descaraga de pescados
744,carga de cointainers
745,se debe descargar petroleo
746,descaraga de pescados
747,se debe cargar petroleo
748,se debe descargar petroleo
749,descaraga de pescados
750,se debe cargar petroleo
751,descaraga de pescados
752,se debe cargar petroleo
753,descaraga de pescados
754,descaraga de pescados
755,se debe descargar petroleo
756,descarga de cointainers
757,descaraga de pescados
758,se debe descargar petroleo
759,carga de cointainers
760,se debe descargar petroleo
761,carga de cointainers
762,descaraga de pescados
763,se debe cargar petroleo
764,descarga de cointainers
765,se debe descargar petroleo
766,carga de cointainers
767,descarga de cointainers
768,descaraga de pescados
769,carga de cointainers
770,se debe cargar petroleo
771,carga de cointainers
772,descaraga de pescados
773,carga de cointainers
774,descarga de cointainers
775,se debe descargar petroleo
776,descaraga de pescados
777,descarga de cointainers
778,descaraga de pescados
779,se debe descargar petroleo
780,se debe descargar petroleo
781,descarga de cointainers
782,se debe cargar petroleo
783,descarga de cointainers
784,descaraga de pescados
785,se debe descargar petroleo
786,descarga de cointainers
787,carga de cointainers
788,descarga de cointainers
789,descarga de cointainers
790,se debe descargar petroleo
791,descaraga de pescados
792,carga de cointainers
793,descaraga de pescados
794,descarga de cointainers
795,descaraga de pescados
796,se debe descargar petroleo
797,descaraga de pescados
798,carga de cointainers
799,carga de cointainers
800,carga de cointainers
801,descaraga de pescados
802,se debe descargar petroleo
803,descarga de cointainers
804,descarga de cointainers
805,descaraga de pescados
806,se debe descargar petroleo
807,descaraga de pescados
808,descaraga de pescados
809,descaraga de pescados
810,descaraga de pescados
811,se debe descargar petroleo
812,descaraga de pescados
813,carga de cointainers
814,se debe cargar petroleo
815,carga de cointainers
816,descaraga de pescados
817,descarga de cointainers
818,descaraga de pescados
819,carga de cointainers
820,se debe descargar petroleo
821,descaraga de pescados
822,descaraga de pescados
823,descarga de cointainers
824,se debe cargar petroleo
825,carga de cointainers
826,se debe descargar petroleo
827,carga de cointainers
828,descaraga de pescados
829,descarga de cointainers
830,carga de cointainers
831,descaraga de pescados
832,descaraga de pescados
833,se debe cargar petroleo
834,descaraga de pescados
835,descaraga de pescados
836,se debe cargar petroleo
837,descaraga de pescados
838,descaraga de pescados
839,descaraga de pescados
840,se debe descargar petroleo
841,descaraga de pescados
842,descaraga de pescados
843,carga de cointainers
844,se debe cargar petroleo
845,carga de cointainers
846,descaraga de pescados
847,descaraga de pescados
848,descaraga de pescados
849,descaraga de pescados
850,se debe descargar petroleo
851,se debe descargar petroleo
852,se debe cargar petroleo
853,se debe descargar petroleo
854,descaraga de pescados
855,se debe cargar petroleo
856,descaraga de pescados
857,descaraga de pescados
858,descarga de cointainers
859,se debe descargar petroleo
860,descaraga de pescados
861,se debe descargar petroleo
862,descarga de cointainers
863,descaraga de pescados
864,carga de cointainers
865,descaraga de pescados
866,se debe cargar petroleo
867,carga de cointainers
868,se debe cargar petroleo
869,descaraga de pescados
870,descarga de cointainers
871,se debe cargar petroleo
872,descaraga de pescados
873,descaraga de pescados
874,se debe descargar petroleo
875,carga de cointainers
876,descaraga de pescados
877,descaraga de pescados
878,se debe descargar petroleo
879,descaraga de pescados
880,se debe cargar petroleo
881,descaraga de pescados
882,descaraga de pescados
883,descarga de cointainers
884,carga de cointainers
885,descarga de cointainers
886,se debe cargar petroleo
887,se debe descargar petroleo
888,carga de cointainers
889,descaraga de pescados
890,se debe descargar petroleo
891,descarga de cointainers
892,se debe descargar petroleo
